{
  "criterion": "lowest WAPE then MAE, per event type",
  "best_per_event_type": {
    "DISEASE_OUTBREAK": {
      "best_method": "chronos-2",
      "best_WAPE": 1.004501250690256,
      "best_MAE": 0.2311947323017256,
      "chronos2_WAPE": 1.004501250690256,
      "chronos2_MAE": 0.2311947323017256,
      "chronos2_is_best": true
    },
    "EARTHQUAKE": {
      "best_method": "chronos-2",
      "best_WAPE": 1.004539675381966,
      "best_MAE": 0.18602586581147518,
      "chronos2_WAPE": 1.004539675381966,
      "chronos2_MAE": 0.18602586581147518,
      "chronos2_is_best": true
    },
    "FLOOD": {
      "best_method": "chronos-2",
      "best_WAPE": 1.0024337988113985,
      "best_MAE": 0.0982778234128822,
      "chronos2_WAPE": 1.0024337988113985,
      "chronos2_MAE": 0.0982778234128822,
      "chronos2_is_best": true
    },
    "STORM": {
      "best_method": "chronos-2",
      "best_WAPE": 1.0038158037258607,
      "best_MAE": 0.13244791854716217,
      "chronos2_WAPE": 1.0038158037258607,
      "chronos2_MAE": 0.13244791854716217,
      "chronos2_is_best": true
    },
    "TSUNAMI": {
      "best_method": "last_value",
      "best_WAPE": 1.0,
      "best_MAE": 0.109375,
      "chronos2_WAPE": 1.0029145485189344,
      "chronos2_MAE": 0.10969377874425845,
      "chronos2_is_best": false
    },
    "VOLCANO": {
      "best_method": "last_value",
      "best_WAPE": 1.0,
      "best_MAE": 0.1,
      "chronos2_WAPE": 1.0040150281662743,
      "chronos2_MAE": 0.10040150281662742,
      "chronos2_is_best": false
    },
    "WILDFIRE": {
      "best_method": "chronos-2",
      "best_WAPE": 1.002437909420293,
      "best_MAE": 0.13574680023399802,
      "chronos2_WAPE": 1.002437909420293,
      "chronos2_MAE": 0.13574680023399802,
      "chronos2_is_best": true
    }
  }
}