{
  "model": "XGBClassifier",
  "target": "future_outbreak",
  "test": {
    "at_0.50": {
      "PR_AUC": 0.702952093669823,
      "ROC_AUC": 0.8083838827671606,
      "precision": 0.3103448275862069,
      "recall": 0.7078651685393258,
      "F1": 0.4315068493150685,
      "balanced_accuracy": 0.8183815431320296,
      "log_loss": 0.23489829897880554,
      "threshold": 0.5
    },
    "at_selected": {
      "PR_AUC": 0.702952093669823,
      "ROC_AUC": 0.8083838827671606,
      "precision": 0.9833333333333333,
      "recall": 0.6629213483146067,
      "F1": 0.7919463087248322,
      "balanced_accuracy": 0.8312067381491774,
      "log_loss": 0.23489829897880554,
      "threshold": 0.8899999999999999
    },
    "val_at_selected": {
      "PR_AUC": 0.928154244867635,
      "ROC_AUC": 0.9641079251294306,
      "precision": 1.0,
      "recall": 0.8307291666666666,
      "F1": 0.9075391180654339,
      "balanced_accuracy": 0.9153645833333333,
      "log_loss": 0.14198076725006104,
      "threshold": 0.8899999999999999
    },
    "calibration": {
      "method": "platt",
      "brier_uncalibrated": 0.06457654386758804,
      "brier_calibrated": 0.031867166583757295,
      "prauc_uncalibrated": 0.702952093669823,
      "prauc_calibrated": 0.702952093669823,
      "test_distinct_probabilities": 1914,
      "validation_selection": {
        "none": {
          "val_brier": 0.03870769962668419,
          "val_prauc": 0.928154244867635,
          "val_distinct_ratio": 0.9310009718172984
        },
        "isotonic": {
          "val_brier": 0.028923846781253815,
          "val_prauc": 0.9251450800135378,
          "val_distinct_ratio": 0.0058309037900874635
        },
        "platt": {
          "val_brier": 0.032124706073742196,
          "val_prauc": 0.928154244867635,
          "val_distinct_ratio": 0.9339164237123421
        }
      },
      "calibration_applied": true
    }
  },
  "baselines": [
    {
      "task": "classification",
      "model": "always_no_outbreak",
      "PR_AUC": 0.0432,
      "precision": 0.0,
      "recall": 0.0,
      "F1": 0.0,
      "MAE": NaN,
      "RMSE": NaN,
      "WAPE": NaN,
      "RMSLE": NaN
    },
    {
      "task": "classification",
      "model": "active_outbreak",
      "PR_AUC": 0.0405,
      "precision": 0.0296,
      "recall": 0.2022,
      "F1": 0.0516,
      "MAE": NaN,
      "RMSE": NaN,
      "WAPE": NaN,
      "RMSLE": NaN
    },
    {
      "task": "classification",
      "model": "recent_growth>0",
      "PR_AUC": 0.044,
      "precision": 0.0562,
      "recall": 0.0562,
      "F1": 0.0562,
      "MAE": NaN,
      "RMSE": NaN,
      "WAPE": NaN,
      "RMSLE": NaN
    }
  ],
  "top_features_gain": [
    [
      "weeks_since_last_outbreak",
      210.28643798828125
    ],
    [
      "year",
      92.89974212646484
    ],
    [
      "season",
      73.22356414794922
    ],
    [
      "longitude",
      61.824729919433594
    ],
    [
      "disease_category",
      57.58633041381836
    ],
    [
      "historical_peak_deaths",
      49.915592193603516
    ],
    [
      "month",
      44.33677673339844
    ],
    [
      "population",
      43.824684143066406
    ],
    [
      "current_deaths",
      43.219974517822266
    ],
    [
      "current_case_fatality_rate",
      40.9742546081543
    ],
    [
      "continent",
      38.09605026245117
    ],
    [
      "disease_name",
      37.79829788208008
    ]
  ]
}