{
  "model": "XGBRegressor(log1p)",
  "target": "future_cases_4w",
  "test": {
    "overall": {
      "MAE": 115.58316449983586,
      "RMSE": 2118.037241588912,
      "WAPE": 1.0012887160540411,
      "RMSLE": 0.7143193917538695,
      "MedAE": 0.1800169199705124,
      "n": 2058
    },
    "actual_gt_0": {
      "MAE": 6410.924465962056,
      "RMSE": 15796.299314883203,
      "WAPE": 0.998485482819771,
      "RMSLE": 4.681164230889103,
      "MedAE": 143.59856986999512,
      "n": 37
    },
    "by_disease_category": {
      "enteric_diarrhoeal": {
        "MAE": 568.3421778534422,
        "RMSE": 4755.857457960767,
        "WAPE": 0.9998258419318587,
        "RMSLE": 1.2527632069917103,
        "MedAE": 0.21848249435424805,
        "n": 408
      },
      "other": {
        "MAE": 0.23014874259141957,
        "RMSE": 0.2859538019415474,
        "WAPE": null,
        "RMSLE": 0.2378941966010351,
        "MedAE": 0.20384971797466278,
        "n": 127
      },
      "respiratory": {
        "MAE": 8.641907257094728,
        "RMSE": 90.44632911908667,
        "WAPE": 1.025861267183296,
        "RMSLE": 0.5948751283795611,
        "MedAE": 0.17873167991638184,
        "n": 474
      },
      "vaccine_preventable": {
        "MAE": 0.36301189768960734,
        "RMSE": 2.412911127054441,
        "WAPE": 1.544078776088189,
        "RMSLE": 0.30337378750379296,
        "MedAE": 0.11103146523237228,
        "n": 302
      },
      "vector_borne": {
        "MAE": 3.4280513716669603,
        "RMSE": 20.254326817377624,
        "WAPE": 1.0230818096488383,
        "RMSLE": 0.5153391976176366,
        "MedAE": 0.23821204900741577,
        "n": 211
      },
      "viral_haemorrhagic": {
        "MAE": 2.1704066304650134,
        "RMSE": 22.38380671999357,
        "WAPE": 1.1304956071871188,
        "RMSLE": 0.4843307816852736,
        "MedAE": 0.1903732866048813,
        "n": 312
      },
      "zoonotic": {
        "MAE": 1.5666774332889222,
        "RMSE": 8.588568337312056,
        "WAPE": 1.2997620187285874,
        "RMSLE": 0.5894679034655491,
        "MedAE": 0.14242614805698395,
        "n": 224
      }
    },
    "by_country": {
      "Angola": {
        "MAE": 2431.354555990557,
        "RMSE": 10341.436181966646,
        "WAPE": 1.0000021216202823,
        "RMSLE": 2.2870936291937003,
        "MedAE": 0.17142140865325928,
        "n": 83
      },
      "Bangladesh": {
        "MAE": 0.47917272917233233,
        "RMSE": 0.7874113321746594,
        "WAPE": 6.868142451470097,
        "RMSLE": 0.45452848496605597,
        "MedAE": 0.4100733995437622,
        "n": 86
      },
      "Burkina Faso": {
        "MAE": 0.17261232917799668,
        "RMSE": 0.1987809976157527,
        "WAPE": null,
        "RMSLE": 0.1765642745334345,
        "MedAE": 0.17552638053894043,
        "n": 51
      },
      "Cambodia": {
        "MAE": 0.1878065350982878,
        "RMSE": 0.20865937043224206,
        "WAPE": null,
        "RMSLE": 0.18523284306338658,
        "MedAE": 0.18571563810110092,
        "n": 36
      },
      "Chad": {
        "MAE": 184.35567527910072,
        "RMSE": 504.47687100003157,
        "WAPE": 0.9883256358779525,
        "RMSLE": 1.589535943980385,
        "MedAE": 0.14339062571525574,
        "n": 30
      },
      "China": {
        "MAE": 0.19927560050900167,
        "RMSE": 0.8469798587393711,
        "WAPE": 4.144932490587235,
        "RMSLE": 0.15069308742101115,
        "MedAE": 0.11374008655548096,
        "n": 104
      },
      "Congo, The Democratic Republic of the": {
        "MAE": 0.29546169321896604,
        "RMSE": 0.6405671422078207,
        "WAPE": null,
        "RMSLE": 0.3224221208419332,
        "MedAE": 0.1764073520898819,
        "n": 213
      },
      "Egypt": {
        "MAE": 0.14483182972415964,
        "RMSE": 0.1713358746947889,
        "WAPE": null,
        "RMSLE": 0.15402197713703022,
        "MedAE": 0.15278464555740356,
        "n": 47
      },
      "Ethiopia": {
        "MAE": 0.14331388267639436,
        "RMSE": 0.1672476330323473,
        "WAPE": null,
        "RMSLE": 0.15114199413499343,
        "MedAE": 0.1310863420367241,
        "n": 38
      },
      "Guinea": {
        "MAE": 0.2445191733438421,
        "RMSE": 0.3130087267672621,
        "WAPE": null,
        "RMSLE": 0.25347235106566807,
        "MedAE": 0.2363760769367218,
        "n": 37
      },
      "India": {
        "MAE": 9.094499500754933,
        "RMSE": 30.091093713858275,
        "WAPE": 1.0192111509466737,
        "RMSLE": 1.0082577339034413,
        "MedAE": 0.157816082239151,
        "n": 91
      },
      "Indonesia": {
        "MAE": 0.47401061158796604,
        "RMSE": 0.8505736471924392,
        "WAPE": null,
        "RMSLE": 0.4685699133917376,
        "MedAE": 0.19355528056621552,
        "n": 44
      },
      "Liberia": {
        "MAE": 443.89806047375674,
        "RMSE": 2770.9999677984406,
        "WAPE": 0.9962608251410779,
        "RMSLE": 0.8946043095116263,
        "MedAE": 0.16247548162937164,
        "n": 39
      },
      "Madagascar": {
        "MAE": 166.87604135167786,
        "RMSE": 1054.4701870272565,
        "WAPE": 0.9955319394581825,
        "RMSLE": 0.8363166497973127,
        "MedAE": 0.1563190296292305,
        "n": 40
      },
      "Niger": {
        "MAE": 0.203079910739325,
        "RMSE": 0.25645948885345937,
        "WAPE": null,
        "RMSLE": 0.21051970879166912,
        "MedAE": 0.16875724494457245,
        "n": 40
      },
      "Nigeria": {
        "MAE": 0.28089931081884945,
        "RMSE": 0.33060794751722433,
        "WAPE": null,
        "RMSLE": 0.2721318409721628,
        "MedAE": 0.2673758566379547,
        "n": 39
      },
      "Rwanda": {
        "MAE": 0.5122815808281302,
        "RMSE": 1.5071517112257795,
        "WAPE": 1.3172954935580492,
        "RMSLE": 0.47690241079676504,
        "MedAE": 0.1829093024134636,
        "n": 36
      },
      "Saudi Arabia": {
        "MAE": 49.00865593916032,
        "RMSE": 217.4530587686396,
        "WAPE": 1.0077005483979806,
        "RMSLE": 1.3630745832242448,
        "MedAE": 0.6207412481307983,
        "n": 82
      },
      "South Sudan": {
        "MAE": 0.1233810604406664,
        "RMSE": 0.14920215239777274,
        "WAPE": null,
        "RMSLE": 0.13448842760129562,
        "MedAE": 0.13077063858509064,
        "n": 39
      },
      "Sudan": {
        "MAE": 1.0959322127072435,
        "RMSE": 1.6091839513540074,
        "WAPE": null,
        "RMSLE": 0.7818469459915768,
        "MedAE": 0.8133670687675476,
        "n": 38
      },
      "Uganda": {
        "MAE": 3.549464849782571,
        "RMSE": 29.71244812162753,
        "WAPE": 1.039196933206304,
        "RMSLE": 0.5283508662394228,
        "MedAE": 0.19028951227664948,
        "n": 77
      },
      "United States": {
        "MAE": 0.23242503651775992,
        "RMSE": 0.28204762517651444,
        "WAPE": null,
        "RMSLE": 0.2373965171715519,
        "MedAE": 0.19239600002765656,
        "n": 52
      },
      "Viet Nam": {
        "MAE": 0.3275371335733395,
        "RMSE": 0.5456975296010856,
        "WAPE": null,
        "RMSLE": 0.3504130334478454,
        "MedAE": 0.18698134273290634,
        "n": 52
      }
    }
  },
  "baselines": [
    {
      "task": "regression",
      "model": "predict_zero",
      "PR_AUC": NaN,
      "precision": NaN,
      "recall": NaN,
      "F1": NaN,
      "MAE": 115.434,
      "RMSE": 2118.555,
      "WAPE": 1.0,
      "RMSLE": 0.8478
    },
    {
      "task": "regression",
      "model": "last_week",
      "PR_AUC": NaN,
      "precision": NaN,
      "recall": NaN,
      "F1": NaN,
      "MAE": 813.516,
      "RMSE": 20278.477,
      "WAPE": 7.0474,
      "RMSLE": 1.6288
    },
    {
      "task": "regression",
      "model": "rolling4x4",
      "PR_AUC": NaN,
      "precision": NaN,
      "recall": NaN,
      "F1": NaN,
      "MAE": 5450.453,
      "RMSE": 95768.804,
      "WAPE": 47.2169,
      "RMSLE": 3.1136
    }
  ],